[{"screenSource":[812,738],"meta":{"isMessage":false,"id":"207D29A2-E86D-491D-A80F-E221551A8F61","scaleX":1,"scaleY":1},"definition":{"ImageName":"Stone_Rectangle_1","PhysicsData":{"Angle":0.084338233757390108,"Scale":3.191275191307068,"BodyType":"StaticBody","Density":5,"Restition":0.5,"Friction":1}},"position":{"x":316.50006103515625,"y":234.99998474121094}},{"screenSource":[812,738],"meta":{"isMessage":false,"id":"34D22E7A-EBFB-441A-ADFB-BC7B2305F89F","scaleX":1,"scaleY":1},"definition":{"ImageName":"Stone_Rectangle_1","PhysicsData":{"Angle":0.084338233757390108,"Scale":3.191275191307068,"BodyType":"StaticBody","Density":5,"Restition":0.5,"Friction":1}},"position":{"x":633.0001220703125,"y":265.5}},{"screenSource":[812,738],"meta":{"isMessage":false,"id":"4F70C062-888B-4B7F-8B85-0D57623C104E","scaleX":1,"scaleY":1},"definition":{"ImageName":"Wood_Triangle_1","PhysicsData":{"Angle":0,"Scale":1,"BodyType":"StaticBody","Density":5,"Restition":0.5,"Friction":0.5}},"position":{"x":16,"y":163.99996948242188}},{"screenSource":[812,738],"meta":{"isMessage":false,"id":"F6645206-0F43-46D3-8422-809814F23646","scaleX":1,"scaleY":1},"definition":{"ImageName":"Wood_Rectangle_1","PhysicsData":{"Angle":-0.29518325639032339,"Scale":2.5335570126771931,"BodyType":"StaticBody","Density":5,"Restition":0.5,"Friction":0.5}},"position":{"x":158.50003051757812,"y":419.5}},{"screenSource":[812,738],"meta":{"isMessage":false,"id":"555EEC5D-CE85-45BC-871B-0A6F4B30ED50","scaleX":1,"scaleY":1},"definition":{"ImageName":"Glass_Rectangle_1","PhysicsData":{"Angle":-0.10542260494322386,"Scale":2.8953020036220551,"BodyType":"StaticBody","Density":5,"Restition":0.5,"Friction":0.093959733843803378}},"position":{"x":427.50006103515625,"y":89.500015258789062}},{"screenSource":[812,738],"meta":{"isMessage":false,"id":"19FE1E59-6976-423B-AF6A-5B2B5911EC2E","scaleX":1,"scaleY":1},"definition":{"ImageName":"Wood_Rectangle_1","PhysicsData":{"Angle":-0.18976065144709997,"Scale":2.5335570126771931,"BodyType":"StaticBody","Density":5,"Restition":0.5,"Friction":0.5}},"position":{"x":407.5,"y":358.50009155273438}},{"screenSource":[812,738],"meta":{"isMessage":false,"id":"69CC55A8-4C70-4116-9EC9-6F7A6EAD99A0","scaleX":1,"scaleY":1},"definition":{"ImageName":"Glass_Rectangle_1","PhysicsData":{"Angle":-0.10542260494322386,"Scale":2.8953020036220551,"BodyType":"StaticBody","Density":5,"Restition":0.5,"Friction":0.093959733843803378}},"position":{"x":140.5,"y":121}},{"screenSource":[812,738],"meta":{"isMessage":false,"id":"3D739A9C-8C3D-4B2B-81B9-9731F7AF4489","scaleX":1,"scaleY":1},"definition":{"ImageName":"Wood_Triangle_1","PhysicsData":{"Angle":0,"Scale":1,"BodyType":"StaticBody","Density":5,"Restition":0.5,"Friction":0.5}},"position":{"x":96.500007629394531,"y":472.49993896484375}},{"screenSource":[812,738],"meta":{"isMessage":false,"id":"585E15BE-7926-461A-BBDD-89C2C97743F7","scaleX":1,"scaleY":1},"definition":{"ImageName":"Wood_Square_1","PhysicsData":{"Angle":0,"Scale":2.2122041226286231,"BodyType":"StaticBody","Density":5,"Restition":0.5,"Friction":0.5}},"position":{"x":758.00006103515625,"y":339.5}}]