[{"screenSource":[812,738],"meta":{"isMessage":false,"id":"03189430-9623-4A92-8BDF-026B505452AD","scaleX":1,"scaleY":1},"definition":{"ImageName":"Stone_Rectangle_1","PhysicsData":{"Angle":-0.50602827902325664,"Scale":1,"BodyType":"StaticBody","Density":5,"Restition":0.87583893537521362,"Friction":0.5}},"position":{"x":123.50000762939453,"y":429.00006103515625}},{"screenSource":[812,738],"meta":{"isMessage":false,"id":"09D374C5-286B-46AC-89AB-23A32CD71C59","scaleX":1,"scaleY":1},"definition":{"ImageName":"Wood_Rectangle_1","PhysicsData":{"Angle":0.75904260578839944,"Scale":1,"BodyType":"StaticBody","Density":5,"Restition":0.5,"Friction":0.5}},"position":{"x":647.00018310546875,"y":212.00001525878906}},{"screenSource":[812,738],"meta":{"isMessage":false,"id":"0AAB5074-0A27-4797-B680-55A21CE04CB7","scaleX":1,"scaleY":1},"definition":{"ImageName":"Stone_Rectangle_1","PhysicsData":{"Angle":-0.50602827902325664,"Scale":1,"BodyType":"StaticBody","Density":5,"Restition":0.87583893537521362,"Friction":0.5}},"position":{"x":321.5,"y":400}},{"screenSource":[812,738],"meta":{"isMessage":false,"id":"4AAD89BE-4CDF-417A-BA5A-60CE0CBE17BB","scaleX":1,"scaleY":1},"definition":{"ImageName":"Stone_Rectangle_1","PhysicsData":{"Angle":-0.50602827902325664,"Scale":1,"BodyType":"StaticBody","Density":5,"Restition":0.87583893537521362,"Friction":0.5}},"position":{"x":472,"y":341.99996948242188}},{"screenSource":[812,738],"meta":{"isMessage":false,"id":"267506E3-CD93-425F-9C03-5DDC28EBB534","scaleX":1,"scaleY":1},"definition":{"ImageName":"WhiteBird","PhysicsData":{"Angle":0,"Scale":1,"BodyType":"StaticBody","Density":5,"Restition":0.5,"Friction":0.5}},"position":{"x":121,"y":675.5001220703125}}]